id	stable_location	claim_text	category	verification_mechanism	existing_test_evidence	missing_fault_injection	smallest_required_proof
1	backtesting/run_spy_donchian.py::main@142	Saved {RESULT_PATH}	CLI success; no post-write verification	run_baseline_screen calls DataFrame.to_csv and the print executes only if it returns	tests/test_spy_donchian_trend_breakout.py:177 exercises the wrapper with write_output=False; signal and generic engine tests exist	No injected to_csv failure; no output reread before claim	Patch DataFrame.to_csv to raise OSError; invoke main; assert Saved is absent, exception/nonzero is visible, and no partial final file remains
2	backtesting/run_spy_donchian.py::main@146	Decision: survivor set recorded; stop for user approval.	CLI completion/decision; no post-write verification	Same preceding to_csv return as claim 1; passed count is calculated in memory	tests/test_spy_donchian_trend_breakout.py:177 proves six-row wrapper assembly only	No injected output failure proving the decision line is suppressed	Use the same to_csv fault as claim 1 and assert both Saved and survivor-set-recorded lines are absent
3	dashboard/application.py::_run_detail_panel@3479	Persisted {stage} research result; inspect its recorded evidence before making a decision.	Derived persisted-state presentation	Only emitted for a non-null RunSummary already retrieved through the run service; it does not perform a write	tests/test_dashboard.py:5898 and :6645 render persisted run detail; adapter integrity tests cover corrupt artifacts	No missing write fault for this read-only claim; retrieval-failure presentation is covered elsewhere	Retain read-only provenance; a focused test should continue asserting the phrase cannot appear when run retrieval returns None/fails
4	backtesting/experiments/runner.py::format_experiment_summary@440	Saved complete results to {output_path}	Pure formatter claim; no verification	None inside the formatter; caller is expected to have written config.output_path	tests/test_experiment_runner.py:297 exercises real experiment output, but no test binds formatter wording to verified output	No missing-file or writer-failure test; formatter can claim Saved for any path/result	Either change formatter input to a verified-output record or test that it refuses a missing path; inject missing/unreadable path and require no Saved wording
5	backtesting/run_rsi_monte_carlo.py::main@19	Saved report to {OUTPUT}	CLI success; no post-write verification	write_report validates payload and Path.write_text must return; main does not read back	tests/test_monte_carlo.py:87 proves strict write/read round-trip	No injected write_text failure at the main boundary	Patch Path.write_text for OUTPUT to raise OSError; assert Saved absent, failure visible, no partial final report
6	backtesting/run_spy_donchian_low_frequency_walk_forward.py::main@170	Saved low-frequency walk-forward report to {OUTPUT_PATH}	CLI success; no post-write verification	execute_low_frequency_evidence calls Path.write_text; print follows successful return	tests/test_low_frequency_walk_forward.py:299 checks fixed entrypoint configuration, not report persistence failure	No injected write_text failure or readback test for main	Patch OUTPUT_PATH.write_text to fail; assert claim absent and failure visible; add successful parse/readback assertion before print
7	backtesting/run_rsi_walk_forward.py::main@44	Saved walk-forward report to {OUTPUT_PATH}	CLI success; no post-write verification	execute_walk_forward calls Path.write_text; print follows successful return	tests/test_walk_forward.py:340 reads the generated report and checks content	No injected write_text failure at main; no partial-file assertion	Patch write_text to raise; assert claim absent and error visible; successful case should parse the report before claiming Saved
8	backtesting/run_rsi_robustness.py::main@149	Additional reasons recorded in report: {count}	CLI verified report claim	write_robustness_report is followed by read_robustness_report before any claim	tests/test_robustness_evaluation.py:340 proves strict write/read round-trip	No main-level injected failure, but failed write/read prevents this line by control flow	One parametrized write/read failure case is sufficient: assert both robustness claims are absent and the error is visible
9	backtesting/run_rsi_robustness.py::main@150	Saved report to {OUTPUT}	CLI verified report claim	write_robustness_report then read_robustness_report validates the final report before print	tests/test_robustness_evaluation.py:340 and tests/test_robustness_artifacts_reporting.py:158 round-trip the report	No main-level fault injection, but post-write validation exists	Retain readback; add one injected write/corrupt-read test only if CLI-level visibility must be proven
10	backtesting/run_mes_orb.py::_print_summary@197	Saved {result_path(scenario)}	CLI formatter claim; no verification	_print_summary accepts only scenario and an in-memory frame; it does not know whether run_experiment wrote output	MES strategy and durable-screening tests exist, but no _print_summary/write-failure test	Calling _print_summary after a write_output=False/custom flow can falsely claim Saved	Pass a verified output record/path existence into the formatter or have it refuse absent path; inject to_csv failure and assert no Saved line
11	backtesting/run_rsi_oos.py::main@47	Saved out-of-sample report to {OUTPUT_PATH}	CLI success; no post-write verification	execute_out_of_sample writes JSON with Path.write_text and returns; print follows	tests/test_out_of_sample.py:316 reads and checks the generated report	No injected write_text failure at main; no partial-file assertion	Patch report write to raise; assert claim absent, error visible, and no partial final file; successful path should parse before claim
12	backtesting/run_spy_donchian_oos.py::main@64	Saved out-of-sample failure report to {OUTPUT_PATH}	CLI failure-report success; no post-write verification	execute_out_of_sample writes failure JSON before raising OutOfSampleProgressionError; main catches only after write returns	tests/test_out_of_sample.py covers failure reports indirectly; no SPY main fault proof	No injected failure while writing the failure report; no claim/file consistency proof	Patch failure-report write to raise; assert Saved-failure-report absent and write error visible rather than swallowed
13	backtesting/run_spy_donchian_oos.py::main@80	Saved out-of-sample report to {OUTPUT_PATH}	CLI success; no post-write verification	execute_out_of_sample writes JSON then returns; print follows	tests/test_out_of_sample.py:316 validates generic successful report content	No injected successful-report write failure at SPY main	Patch report write to raise; assert claim absent, error visible, and no partial final file; parse output before success claim
14	dashboard/callbacks/settings.py::save_preferences@45	Display preferences saved in this browser.	Unverified browser-local persistence claim	Callback emits dcc.Store data and success text in one response; browser localStorage application happens afterward	No focused settings/localStorage tests found	No acknowledgement/readback from localStorage; quota/security/disabled-storage failure is invisible	Reword to "Display preferences applied. Your browser will retain them when local storage is available." unless a clientside write/read acknowledgement is implemented
15	dashboard/components/results_review.py::decision_summary@53	Evidence decision artifact validated.	Verified durable action presentation	Called after decision persistence; save_review then reloads durable review through integrity validation before returning	tests/test_evidence_decision_artifacts.py:346 and tests/test_dashboard.py:385 prove retrieval/validation	Missing mid-write/register failure proof; current persistence can leave orphan review state	Add write/register/commit fault matrix asserting no review mutation, no artifact row, and no validated claim
16	dashboard/pages/ideas.py::layout@415	Draft saved	Derived persisted-state presentation	selected is a server-loaded IdeaDraftView; no write happens in layout	tests/test_operator_intake_setup.py:88 proves restart durability; browser lifecycle reloads drafts	No missing write fault for this read-only branch	Assert layout shows Draft saved only when a persisted selected record is supplied
17	dashboard/pages/ideas.py::layout@661	Bounded setup saved	Derived persisted-state presentation	Requires selected.configuration_id from a persisted idea record	tests/test_operator_intake_setup.py:88 verifies linked configuration after reopening DB	No missing write fault for this read-only branch	Assert absent/null configuration_id renders Not prepared and persisted linked ID renders saved
18	dashboard/pages/ideas.py::layout@801	Candidate saved locally. It is still not approved, implemented, or runnable.	Derived persisted-state presentation	Requires selected.candidate_json from a server-loaded durable draft	tests/test_qf_candidate_v1.py:134 and :243 reopen DB and validate candidate_json	No missing write fault for this read-only branch	Assert wording appears only from non-empty persisted candidate_json and corrupt packets render the read failure state
19	dashboard/run_detail_adapter.py::_result_summary@308	Persisted ranked research result summary.	Derived persisted-state presentation	Emitted only while adapting a persisted ranked result row; adapter does not write	tests/test_dashboard.py:5898 and run-detail adapter integrity tests exercise persisted summaries	No missing write fault; retrieval corruption is the relevant failure class	Keep fail-closed adapter tests asserting absent/corrupt result evidence never receives this summary
20	dashboard/callbacks/setup.py::save_idea_configuration@195	Research setup draft saved as {configuration_id}. Approval and concrete data binding are required before it can run.	Verified durable action claim	persist_bounded_idea_configuration atomically upserts configuration+draft link; callback opens a new service via list_saved_configurations and resolves exact ID before reporting	tests/test_operator_intake_setup.py:88 and :283 reopen/use the exact configuration	No injected SQLite write/commit failure at callback boundary	Inject configuration upsert, link, and commit failure separately; assert error/no success and no configuration or draft link survives
21	dashboard/callbacks/ideas.py::_idea_draft_transition@135	Draft saved locally at {timestamp}. Nothing was retrieved or run.	Pure transition helper wording; production save result is overridden	Helper only creates a proposed store/timestamp; update_idea_draft intercepts save trigger and performs persistence before returning line 383	Production callback durability is covered by tests/test_operator_intake_setup.py:88; helper wording itself has no durability test	Direct helper use could be mistaken for a durable claim	Rename helper result to pending save or remove success wording; test production callback never emits this helper claim before repository success
22	dashboard/callbacks/ideas.py::_idea_draft_transition@150	Draft saved locally at {stored_timestamp}. Nothing was retrieved or run.	Derived stored-state presentation	Only describes an existing stored draft timestamp; it does not perform a write	tests/test_operator_intake_setup.py:185 hydrates latest durable draft	No missing write fault for this read-only state	Assert absent/invalid stored draft does not receive saved wording
23	dashboard/callbacks/ideas.py::update_idea_draft@321	Draft saved locally at {selected.updated_at}. Nothing was retrieved or run.	Derived persisted-state presentation	Selected draft comes from list_idea_drafts after an explicit selection/load action	tests/test_operator_intake_setup.py:185 proves hydration from DB	No missing write fault for this read-only selection path	Assert unknown selection returns an error/no saved wording; existing record displays its persisted timestamp
24	dashboard/callbacks/ideas.py::update_idea_draft@383	Draft saved locally at {saved.updated_at}. Nothing was retrieved or run.	Verified durable action claim	save_idea_draft uses a SQLite transaction, repository rereads the row, transaction commits before return	tests/test_operator_intake_setup.py:88 reopens DB; tests/browser/test_dashboard_lifecycle.py:747/843 cover operator save/reload	No injected repository execute or commit failure proving no positive message	Inject INSERT/UPDATE and commit failures; assert callback has no success text and reopened DB is unchanged
25	dashboard/callbacks/ideas.py::update_workbench_brief@477	Draft saved	Derived client/server state presentation	Requires stored draft_id and dirty=False; store is populated from durable callback/load paths	dashboard unit/browser lifecycle tests exercise saved/dirty state transitions	No direct persistence fault belongs to this pure presentation callback	Assert dirty or missing draft_id can never render Draft saved
26	dashboard/callbacks/ideas.py::update_workbench_brief@503	Candidate saved. Owner approval and deterministic implementation are required before Set up can create a runnable test.	Derived stored-state presentation	Requires stored candidate_json on a non-dirty persisted draft	tests/test_qf_candidate_v1.py:134/243 and browser lifecycle candidate reload prove durable source	No write occurs here; upstream candidate-save faults are not injected	Assert candidate_json absent/corrupt or dirty state cannot render Candidate saved
27	dashboard/callbacks/ideas.py::update_workbench_brief@518	Bounded setup saved	Derived stored-state presentation	Requires stored configuration_id from a linked idea record	tests/test_operator_intake_setup.py:88 verifies link after restart	No write occurs here; upstream setup transaction faults are not injected	Assert null/unknown configuration_id renders Not prepared and never saved
28	dashboard/callbacks/ideas.py::save_candidate_packet@786	Candidate saved durably on this idea. It is not approved, implemented, or runnable.	Verified durable action claim	import/attach persists through SQLite transaction and returns the resulting IdeaDraftRecord after repository reread	tests/test_qf_candidate_v1.py:134/243 reopen DB; tests/browser/test_dashboard_lifecycle.py:843 reloads Candidate	No injected candidate packet UPDATE/commit failure at callback boundary	Inject execute and commit failures; assert no success wording and reopened DB has no/unchanged candidate_json
29	dashboard/callbacks/results_review.py::save_review@247	Terminal screening rejection saved.	Verified-success claim with defective partial-failure boundary	persist_screening_rejection_review writes/registers then rereads and validates artifact; callback reloads durable review before returning	tests/test_operator_run_operations.py:35 proves success integrity; browser review tests prove reload/conflict	No write/register/commit fault test; injected failure currently leaves durable review mutation without artifact	Make review+artifact registry transactional with staged file; inject write/register/commit failures and assert zero mutation plus truthful error/unknown message
30	backtesting/run_rsi_demo.py::main@113	Saved execution comparison to {COMPARISON_PATH}	CLI success; no post-write verification	comparison.to_csv must return before print; no reread	tests/test_execution_assumptions.py:357 validates comparison semantics with real VectorBT, not output failure	No injected to_csv failure; no final-file/readback proof	Patch DataFrame.to_csv for COMPARISON_PATH to raise; assert claim absent, failure visible, and no partial final file
